,name,price,link
0, Chateau de Miniere Organic Grape Juice (0% ABV),£6.25,   
1, Babylonstoren Sparkling Grape Juice (0% ABV),£7.50,   
2, 4 Haz Dry Tokaji,£9.99,   
3, Rouxvale Chenin Blanc,£9.99,   
4, £10 Gift Voucher(s),£10.00,   
5, Rouxvale Sauvignon Blanc,£10.25,   
6, Ariabal Verdejo,£10.25,   
7, 4 Haz Sparkling Furmint,£10.50,   
8, Rouxvale Merlot,£10.50,   
9, Rouxvale Chardonnay,£10.50,   
10, Babylonstoren ‘Candide’ Blend,£10.75,   
11, JaJa Rose,£11.00,   
12, JaJa Sauvignon,£11.00,   
13, JaJa Syrah,£11.00,   
14, JaJa Cabernet Sauvignon,£11.00,   
15, Fontaine du Clos Chardonnay,£11.50,   
16, Babylonstoren Chenin Blanc,£11.50,   
17, Remhoogte First Light Chenin,£11.99,   OUT OF STOCK 
18, Rouxvale Late Harvest Chenin Blanc,£11.99,   
19, Liberté Rouge,£12.00,   
20, Liberté Blanc,£12.00,   
21, Liberté Provence Rose,£12.00,   
22, Certitude Rose,£12.00,   
23, Rouxvale Shiraz Viognier,£12.00,   
24, Chateau de Miniere Loire Rose,£12.25,   
25, 4 Haz Organic Furmint,£12.25,   
26, Molmenti & Celot Cabernet Franc,£12.50,   
27, Molmenti & Celot Friulano,£11.75,   
28, Pratsch Rose,£12.50,   OUT OF STOCK 
29, Pandra Verdejo,£12.50,   
30, Remhoogte ‘Free to Be’ Vine-Dried Riesling (37.5cl),£12.50,   
31, Kolonics Olaszrizling,£12.75,   OUT OF STOCK 
32, Rouxvale Sparkling Chardonnay,£12.95,   
33, Dagon Clestar,£12.99,   
34, Dagon Har Rose,£12.99,   
35, Molmenti & Celot Refosco,£12.99,   
36, Joubert Tradauw R62 Alternative,£12.99,   OUT OF STOCK 
37, Heumann Kekfrankos Rose,£13.00,   
38, Rouxvale Sparkling Rose,£13.00,   
39, Molmenti & Celot Rose Prosecco,£13.00,   
40, Pratsch Gruner Veltliner,£13.00,   
41, Pueblo Eden Pinot Noir Rose,£13.00,   
42, Pueblo Eden Chardonnay,£13.00,   
43, Pueblo Eden Tannat,£13.00,   OUT OF STOCK 
44, Fontaine du Clos Cotes du Rhone,£13.50,   
45, Chateau de Miniere Cabernet Franc,£13.50,   
46, Chateau de Suronde Chenin Blanc ‘Esquisse’,£13.50,   
47, Chateau de Miniere Chenin Blanc,£13.50,   
48, Caythorpe Riesling,£13.50,   
49, Pratsch Zweigelt,£13.50,   
50, Furnace Projects Robin Rose,£13.75,   OUT OF STOCK 
51, Heumann Riesling,£13.75,   
52, Molmenti & Celot Extra Dry Prosecco,£13.75,   
53, Babylonstoren ‘Babel’ Red Blend,£13.75,   
54, Furnace Projects Blackbird,£13.75,   OUT OF STOCK 
55, Caythorpe NZ Sauvignon Blanc,£14.00,   
56, Le Strette Dolcetto,£14.00,   
57, Domaine Laouge Pacherenc 19.91,£14.00,   OUT OF STOCK 
58, Heumann Kekfrankos,£14.00,   
59, Musar Jeune Red,£14.00,   
60, Musar Jeune White,£14.00,   
61, Musar Jeune Rose,£14.00,   
62, Trevibban Mill Black Ewe White,£14.45,   OUT OF STOCK 
63, Chateau de Jau Dandy Blanc,£14.50,   
64, Chateau de Jau Dandy Rouge,£14.50,   
65, Babylonstoren Rose,£14.90,   
66, Aura Chardonnay Blend,£14.99,   
67, Domaine Laougue Camy Madiran,£14.99,   
68, Lala La Organic Malbec,£15.00,   OUT OF STOCK 
69, Kalogris Mister Helios,£15.00,   
70, Cume do Avia T-Reix,£15.00,   OUT OF STOCK 
71, Petric Pinela,£15.00,   
72, HJ Wiemer Field White,£17.00,   
73, Cume do Avia Arraiano Tinto,£15.25,   
74, Dagon Clar,£15.50,   OUT OF STOCK 
75, Trevibban Mill Rock Rose,£15.45,   
76, Kolonics Furmint,£15.50,   
77, Remhoogte ‘Free to Be’ Riesling,£15.50,   
78, Remhoogte ‘Free to Be’ Red,£15.50,   
79, Vintage Kikelet Late Harvest Tokaji (50cl) 2012,£15.50,   
80, Pueblo Eden Sparkling White,£15.50,   OUT OF STOCK 
81, Bourcier Martinot Bourgogne Blanc,£15.50,   
82, Pueblo Eden Sparkling Rose,£15.50,   OUT OF STOCK 
83, Babylonstoren Shiraz,£15.75,   
84, Bulles de Miniere Cremant de Loire Rose,£15.95,   
85, Bulles de Miniere Cremant de Loire Extra Brut,£17.50,   
86, Kikelet Harslevelu Tokaji,£16.00,   
87, Caythorpe Pinot Noir,£16.00,   OUT OF STOCK 
88, Oliver’s Taranga Fiano,£16.00,   OUT OF STOCK 
89, Bourcier Martinot Macon Villages,£16.00,   
90, Cume do Avia Rosete,£16.00,   OUT OF STOCK 
91, Carolina Branco,£16.00,   
92, Carolina Tinto,£16.00,   OUT OF STOCK 
93, Lenzini Merlot ‘Casa e Chiesa’,£16.00,   
94, Howards Folly Alvarinho,£16.50,   
95, Chateau de Jau Rouge Sans Sulfites,£16.00,   
96, Musso Dolcetto,£16.25,   
97, Trevibban Mill Merope,£16.45,   
98, Remhoogte ‘Vantage’ Pinotage,£16.50,   
99, Remhoogte ‘Chronicle’ Cape Blend,£14.99,   
100, Bourcier Martinot Macon Rouge,£16.50,   
101, Petric White Natura,£16.50,   
102, Howard’s Folly Frescho?,£16.50,   
103, Musso Freisa,£16.95,   
104, Joubert Tradauw Chardonnay,£16.99,   OUT OF STOCK 
105, Roger Barnier Champagne Half bottle,£17.00,   OUT OF STOCK 
106, Kolonics Juhfark,£17.00,   
107, Kikelet Dry Furmint,£17.00,   
108, Petric Red Natura,£17.00,   
109, Howards Folly Sonhador Rose,£17.00,   
110, Fontaine du Clos Vacqueyras,£17.50,   
111, Bulles de Miniere Sparkling Red,£17.50,   
112, Channing Daughters Rosato Cab Franc,£17.50,   
113, Furnace Projects Chiff Chaff,£17.50,   OUT OF STOCK 
114, Kolonics Harslevelu,£17.50,   
115, Dagon Jar,£17.50,   
116, Dagon Jar Senior Bordeaux Blend,£17.50,   
117, Le Strette Nascetta,£17.50,   
118, Kalogris Dialogues Rosé,£17.50,   
119, Bourcier Martinot Vire-Clesse,£17.50,   
